qc_id,objectid_1,join_count,target_fid,objectid,layer,name,elev,invert_el,max_depth,uwagi,id_well,uwagi2,uwagi22,id,h_m,uwagi3,elevk,invert_elk,gid,icon_url
"4","8","1","7",8,właz okrągły - siec kanalizacyjna (punkt),K201,212.93,211.62,"0",,"8",,,"8",1.31,,212.73,211.63,"16049",./0.png
"0","1","1","0",1,właz okrągły - siec kanalizacyjna (punkt),KD14,210.44,208.27,"0",,"1",,,"1",2.17,,210.44,208.55,"16042",./0.png
"1","5","1","4",5,właz okrągły - siec kanalizacyjna (punkt),KD10,210.38,208.1,"0",,"5",,,"5",2.28,,210.4,208.08,"16041",./0.png
"2","6","1","5",6,właz okrągły - siec kanalizacyjna (punkt),KD1,211.87,209.75,"0",,"6",,,"6",2.12,,211.89,209.85,"16043",./0.png
"3","7","1","6",7,właz okrągły - siec kanalizacyjna (punkt),KD3,213.18,211.6,"0",,"7",,,"7",1.58,,213.04,211.55,"16044",./0.png
"5","9","1","8",9,właz okrągły - siec kanalizacyjna (punkt),K202,214.02,212.57,"0",,"9",,,"9",1.45,,213.68,213.57,"16048",./0.png
"6","10","1","9",10,właz okrągły - siec kanalizacyjna (punkt),K203,215.3,213.51,"0",,"10",,,"10",1.79,,214.94,213.25,"16050",./0.png
"7","11","1","10",11,właz okrągły - siec kanalizacyjna (punkt),K204,216.13,214.19,"0",,"11",,,"11",1.94,,215.99,214.19,"15883",./0.png
"8","12","1","11",12,właz okrągły - siec kanalizacyjna (punkt),K214,217.04,214.63,"0",,"12",,,"12",2.41,,217.05,214.65,"15891",./0.png
"9","13","1","12",13,właz okrągły - siec kanalizacyjna (punkt),K205,220.66,219.1,"0",,"13",,,"13",1.56,,220.66,219.11,"15884",./0.png
"10","14","1","13",14,właz okrągły - siec kanalizacyjna (punkt),K206,220.44,218.72,"0",,"14",,,"14",1.72,,220.4,218.74,"39152",./0.png
"11","15","1","14",15,właz okrągły - siec kanalizacyjna (punkt),K207,220.22,218.22,"0",,"15",,,"15",2,,220.21,218.23,"15885",./0.png
"12","16","1","15",16,właz okrągły - siec kanalizacyjna (punkt),K208,219.37,217.77,"0",,"16",,,"16",1.6,,219.37,217.75,"15886",./0.png
"13","17","1","16",17,właz okrągły - siec kanalizacyjna (punkt),K209,218.82,217.28,"0",,"17",,,"17",1.54,,218.83,217.29,"15887",./0.png
"14","18","1","17",18,właz okrągły - siec kanalizacyjna (punkt),K210,218.14,216.52,"0",,"18",,,"18",1.62,,218.13,216.5,"15888",./0.png
"15","19","1","18",19,właz okrągły - siec kanalizacyjna (punkt),K211,217.43,215.77,"0",,"19",,,"19",1.66,,217.43,215.77,"15889",./0.png
"16","20","1","19",20,właz okrągły - siec kanalizacyjna (punkt),K212,217.14,215.22,"0",,"20",,,"20",1.92,,217.14,215.2,"15890",./0.png
"17","21","1","20",21,właz okrągły - siec kanalizacyjna (punkt),K213,217.08,214.97,"0",,"21",,,"21",2.11,,217.08,214.97,"15882",./0.png
"18","22","1","21",22,właz okrągły - siec kanalizacyjna (punkt),K241,228.56,226.69,"0",,"22",,,"22",1.87,,228.54,226.67,"15918",./0.png
"19","23","1","22",23,właz okrągły - siec kanalizacyjna (punkt),K240,227.84,226.09,"0",,"23",,,"23",1.75,,227.83,226.08,"15917",./0.png
"20","24","1","23",24,właz okrągły - siec kanalizacyjna (punkt),K239,226.38,224.46,"0",,"24",,,"24",1.92,,226.37,224.51,"15916",./0.png
"21","25","1","24",25,właz okrągły - siec kanalizacyjna (punkt),K238,225.61,223.86,"0",,"25",,,"25",1.75,,225.59,223.73,"15915",./0.png
"22","26","1","25",26,właz okrągły - siec kanalizacyjna (punkt),K237,224.44,222.63,"0",,"26",,,"26",1.81,,224.3,222.58,"15914",./0.png
"23","27","1","26",27,właz okrągły - siec kanalizacyjna (punkt),K236,223.81,222,"0",,"27",,,"27",1.81,,223.75,221.97,"15913",./0.png
"24","28","1","27",28,właz okrągły - siec kanalizacyjna (punkt),K223,224.86,223.72,"0",,"28",,,"28",1.14,,,,,./0.png
"25","29","1","28",29,właz okrągły - siec kanalizacyjna (punkt),K224,224.9,223.64,"0",,"29",,,"29",1.26,,,,,./0.png
"26","31","1","30",31,właz okrągły - siec kanalizacyjna (punkt),K225,224.52,222.58,"0",,"31",,,"31",1.94,,224.56,222.54,"15907",./0.png
"27","32","1","31",32,właz okrągły - siec kanalizacyjna (punkt),K235,222.57,220.71,"0",,"32",,,"32",1.86,,222.54,220.69,"15912",./0.png
"28","33","1","32",33,właz okrągły - siec kanalizacyjna (punkt),K226,224.13,222.21,"0",,"33",,,"33",1.92,,224.11,222.18,"15906",./0.png
"29","34","1","33",34,właz okrągły - siec kanalizacyjna (punkt),K234,221.22,219.26,"0",,"34",,,"34",1.96,,221.21,219.26,"15911",./0.png
"30","35","1","34",35,właz okrągły - siec kanalizacyjna (punkt),K227,222.27,219.35,"0",,"35",,,"35",2.92,,222.24,219.37,"15905",./0.png
"31","36","1","35",36,właz okrągły - siec kanalizacyjna (punkt),K233,220.44,218.45,"0",,"36",,,"36",1.99,,220.44,218.49,"15910",./0.png
"32","37","1","36",37,właz okrągły - siec kanalizacyjna (punkt),K215,217.07,214.69,"0",,"37",,,"37",2.38,,217.07,214.68,"15892",./0.png
"33","38","1","37",38,właz okrągły - siec kanalizacyjna (punkt),K216,216.99,214.75,"0",,"38",,,"38",2.24,,216.98,214.73,"15893",./0.png
"34","39","1","38",39,właz okrągły - siec kanalizacyjna (punkt),K217,217.17,214.83,"0",,"39",,,"39",2.34,,217.16,214.78,"15895",./0.png
"35","40","1","39",40,właz okrągły - siec kanalizacyjna (punkt),K229,219.52,217.31,"0",,"40",,,"40",2.21,,219.52,216.27,"15904",./0.png
"36","41","1","40",41,właz okrągły - siec kanalizacyjna (punkt),K232,219.39,217.54,"0",,"41",,,"41",1.85,,219.38,217.55,"15909",./0.png
"37","42","1","41",42,właz okrągły - siec kanalizacyjna (punkt),K218,217.56,214.97,"0",,"42",,,"42",2.59,,217.55,214.92,"15896",./0.png
"38","43","1","42",43,właz okrągły - siec kanalizacyjna (punkt),K219,217.6,215,"0",,"43",,,"43",2.6,,217.57,214.98,"15897",./0.png
"39","44","1","43",44,właz okrągły - siec kanalizacyjna (punkt),K231,218.57,216.83,"0",,"44",,,"44",1.74,,218.57,216.84,"15908",./0.png
"40","45","1","44",45,właz okrągły - siec kanalizacyjna (punkt),K230,218.15,216.28,"0",,"45",,,"45",1.87,,218.24,216.27,"15903",./0.png
"41","46","1","45",46,właz okrągły - siec kanalizacyjna (punkt),K221,217.12,215.11,"0",,"46",,,"46",2.01,,217.1,215.1,"15899",./0.png
"42","47","1","46",47,właz okrągły - siec kanalizacyjna (punkt),K222,217.32,215.48,"0",,"47",,,"47",1.84,,217.15,215.37,"15901",./0.png
"43","48","1","47",48,właz okrągły - siec kanalizacyjna (punkt),K220,217.22,215.03,"0",,"48",,,"48",2.19,,217.22,215.05,"15898",./0.png
"44","49","1","48",49,właz okrągły - siec kanalizacyjna (punkt),KD15,217.13,214.98,"0",,"49",,,"49",2.15,,0,0,"126592",./0.png
"45","50","1","49",50,właz okrągły - siec kanalizacyjna (punkt),KD4,217.26,215.5,"0",,"50",,,"50",1.76,,0,0,"126593",./0.png
"46","51","1","50",51,właz okrągły - siec kanalizacyjna (punkt),KD16,217.31,213.68,"0",,"51",,,"51",3.63,,0,0,"126594",./0.png
"47","52","1","51",52,właz okrągły - siec kanalizacyjna (punkt),KD9,216.77,214.14,"0",,"52",,,"52",2.63,,0,0,"129189",./0.png
"48","53","1","52",53,właz okrągły - siec kanalizacyjna (punkt),KD7,216.77,213.37,"0",,"53",,,"53",3.4,,,,,./0.png
"49","54","1","53",54,właz okrągły - siec kanalizacyjna (punkt),KD8,216.64,213.73,"0",,"54",,,"54",2.91,,216.57,213.79,"16047",./0.png
"50","55","1","54",55,właz okrągły - siec kanalizacyjna (punkt),KD2A,215.86,213.29,"0",,"55",,,"55",2.57,,215.84,213.58,"16046",./0.png
"51","56","1","55",56,właz okrągły - siec kanalizacyjna (punkt),KD2,215.77,213.04,"0",,"56",,,"56",2.73,,215.67,213.05,"16045",./0.png
"52","57","1","56",57,właz okrągły - siec kanalizacyjna (punkt),K93,225.63,217.18,"0",,"57","Studzienka na ogródkach działkowych, głęboko",,"57",8.45,,,,,./0.png
"53","58","1","57",58,właz okrągły - siec kanalizacyjna (punkt),K94,225.48,217.78,"0",,"58","Studzienka na ogródkach działkowych, głęboko",,"58",7.7,,,,,./0.png
"54","59","1","58",59,właz okrągły - siec kanalizacyjna (punkt),K91,226.15,218.65,"0",,"59","Studzienka na ogródkach działkowych, głęboko",,"59",7.5,,,,,./0.png
"55","60","1","59",60,właz okrągły - siec kanalizacyjna (punkt),K92,226.78,217.68,"0",,"60","Studzienka na ogródkach działkowych, głęboko",,"60",9.1,,,,,./0.png
"56","61","1","60",61,właz okrągły - siec kanalizacyjna (punkt),K47,233.04,230.92,"0",,"61",,,"61",2.12,,233.03,230.85,"13162",./0.png
"57","62","1","61",62,właz okrągły - siec kanalizacyjna (punkt),K45,233.32,231.06,"0",,"62",,,"62",2.26,,233.31,231.03,"13164",./0.png
"58","63","1","62",63,właz okrągły - siec kanalizacyjna (punkt),K46,233.16,231,"0",,"63",,,"63",2.16,,233.14,230.96,"13163",./0.png
"59","64","1","63",64,właz okrągły - siec kanalizacyjna (punkt),K44,233.52,231.24,"0",,"64",,,"64",2.28,,233.51,231.21,"13165",./0.png
"60","65","1","64",65,właz okrągły - siec kanalizacyjna (punkt),K48,233.02,230.85,"0",,"65",,,"65",2.17,,232.99,230.83,"13161",./0.png
"61","66","1","65",66,właz okrągły - siec kanalizacyjna (punkt),K49,233.2,230.7,"0",,"66",,,"66",2.5,,233.17,230.67,"13159",./0.png
"62","67","1","66",67,właz okrągły - siec kanalizacyjna (punkt),K50,233.42,230.46,"0",,"67",,,"67",2.96,,233.41,230.35,"13158",./0.png
"63","68","1","67",68,właz okrągły - siec kanalizacyjna (punkt),K56,236.25,234.41,"0",,"68",,,"68",1.84,,236.31,234.48,"24959",./0.png
"64","69","1","68",69,właz okrągły - siec kanalizacyjna (punkt),K55,236.36,234.27,"0",,"69",,,"69",2.09,,236.35,234.26,"24958",./0.png
"65","70","1","69",70,właz okrągły - siec kanalizacyjna (punkt),K54,235.93,233.99,"0",,"70",,,"70",1.94,,235.97,234,"24957",./0.png
"66","71","1","70",71,właz okrągły - siec kanalizacyjna (punkt),K53,235.68,233.73,"0",,"71",,,"71",1.95,,235.74,233.74,"24968",./0.png
"67","73","1","72",73,właz okrągły - siec kanalizacyjna (punkt),K51A,235.25,233.42,"0",,"73",,,"73",1.83,,235.29,233.39,"24955",./0.png
"68","74","1","73",74,właz okrągły - siec kanalizacyjna (punkt),KD21,216.78,215.63,"0",,"74",,,"74",1.15,,0,0,"126591",./0.png
"69","75","1","74",75,właz okrągły - siec kanalizacyjna (punkt),K128,216.98,215.85,"0",,"75",,,"75",1.13,,0,0,"126590",./0.png
"70","76","1","75",76,właz okrągły - siec kanalizacyjna (punkt),K129,215.97,214.33,"0",,"76",,,"76",1.64,,0,0,"126587",./0.png
"71","77","1","76",77,właz okrągły - siec kanalizacyjna (punkt),K169,221.04,218.78,"0",,"77",,,"77",2.26,,221,218.79,"16119",./0.png
"72","78","1","77",78,właz okrągły - siec kanalizacyjna (punkt),K170,220.34,218.48,"0",,"78",,,"78",1.86,,220.35,218.49,"16136",./0.png
"73","79","1","78",79,właz okrągły - siec kanalizacyjna (punkt),K138,217.96,215.62,"0",,"79",,,"79",2.34,,217.94,215.62,"16134",./0.png
"74","80","1","79",80,właz okrągły - siec kanalizacyjna (punkt),K137,217.6,215.49,"0",,"80",,,"80",2.11,,217.59,215.51,"16133",./0.png
"75","81","1","80",81,właz okrągły - siec kanalizacyjna (punkt),K136,217.77,214.88,"0",,"81",,,"81",2.89,,217.77,214.9,"16132",./0.png
"76","82","1","81",82,właz okrągły - siec kanalizacyjna (punkt),K132,215.29,213.8,"0",,"82",,,"82",1.49,,0,0,"21048",./0.png
"77","84","1","83",84,właz okrągły - siec kanalizacyjna (punkt),K133,215.35,212.98,"0",,"84",,,"84",2.37,,0,0,"21049",./0.png
"78","85","1","84",85,właz okrągły - siec kanalizacyjna (punkt),K135,215.62,214.04,"0",,"85",,,"85",1.58,,0,0,"21053",./0.png
"79","86","1","85",86,właz okrągły - siec kanalizacyjna (punkt),K139,216.55,214.7,"0",dane archiwalne,"86",+nie odnaleziono + dane archiwalne,,"86",1.85,,0,0,"21052",./0.png
"80","87","1","86",87,właz okrągły - siec kanalizacyjna (punkt),K140,217.45,215.54,"0",,"87",,,"87",1.91,,0,0,"21050",./0.png
"81","88","1","87",88,właz okrągły - siec kanalizacyjna (punkt),K141,218.22,216.37,"0",,"88",,,"88",1.85,,0,0,"21051",./0.png
"82","89","1","88",89,właz okrągły - siec kanalizacyjna (punkt),K142,218.74,216.98,"0",,"89",+nie odnaleziono,,"89",1.76,,,,,./0.png
"83","90","1","89",90,właz okrągły - siec kanalizacyjna (punkt),K143,218.71,217.08,"0",,"90",+nie odnaleziono,,"90",1.63,,0,0,"25169",./0.png
"84","91","1","90",91,właz okrągły - siec kanalizacyjna (punkt),K29A,219.05,217.47,"0",,"91",,,"91",1.58,,0,0,"25170",./0.png
"85","92","1","91",92,właz okrągły - siec kanalizacyjna (punkt),K146,219.54,218,"0",,"92",,,"92",1.54,,0,0,"25172",./0.png
"86","94","1","93",94,właz okrągły - siec kanalizacyjna (punkt),K145,219.41,217.88,"0",,"94",,,"94",1.53,,0,0,"25171",./0.png
"87","95","1","94",95,właz okrągły - siec kanalizacyjna (punkt),K149,220.47,219.26,"0",,"95",,,"95",1.21,,0,0,"25175",./0.png
"88","96","1","95",96,właz okrągły - siec kanalizacyjna (punkt),K148,220.17,218.89,"0",,"96",,,"96",1.28,,0,0,"25174",./0.png
"89","97","1","96",97,właz okrągły - siec kanalizacyjna (punkt),K147,219.88,218.51,"0",,"97",,,"97",1.37,,0,0,"25173",./0.png
"90","98","1","97",98,właz okrągły - siec kanalizacyjna (punkt),K154,222.04,220.58,"0",,"98",,,"98",1.46,,0,0,"129615",./0.png
"91","99","1","98",99,właz okrągły - siec kanalizacyjna (punkt),K153,221.75,220.3,"0",,"99",,,"99",1.45,,0,0,"129616",./0.png
"92","100","1","99",100,właz okrągły - siec kanalizacyjna (punkt),K152,221.38,220.05,"0",,"100",,,"100",1.33,,0,0,"129617",./0.png
"93","101","1","100",101,właz okrągły - siec kanalizacyjna (punkt),K151,221.24,219.92,"0",,"101",,,"101",1.32,,0,0,"129618",./0.png
"94","102","1","101",102,właz okrągły - siec kanalizacyjna (punkt),K150,220.68,219.46,"0",,"102",,,"102",1.22,,0,0,"129619",./0.png
"95","103","1","102",103,właz okrągły - siec kanalizacyjna (punkt),K156,222.33,220.52,"0",,"103",,,"103",1.81,,222.3,220.53,"16131",./0.png
"96","104","1","103",104,właz okrągły - siec kanalizacyjna (punkt),K167,221.81,219.86,"0",,"104",,,"104",1.95,,221.78,219.86,"16130",./0.png
"97","105","1","104",105,właz okrągły - siec kanalizacyjna (punkt),K155,221.57,219.73,"0",,"105",,,"105",1.84,,221.54,219.68,"16117",./0.png
"98","106","1","105",106,właz okrągły - siec kanalizacyjna (punkt),K154A,221.18,219.43,"0",,"106",,,"106",1.75,,221.16,219.41,"16118",./0.png
"99","107","1","106",107,właz okrągły - siec kanalizacyjna (punkt),K157,226.22,224.16,"0",,"107",,,"107",2.06,,226.16,224.15,"16094",./0.png
"132","140","1","139",140,właz okrągły - siec kanalizacyjna (punkt),K42,228.24,224.92,"0",,"140",,,"140",3.32,PRZESUNIETO,,,,./0.png
"100","108","1","107",108,właz okrągły - siec kanalizacyjna (punkt),K158,225.89,223.83,"0",,"108",,Ujemna głębokość,"108",-3.94,POPRAWIONO invert_el,225.75,223.8,"16095",./0.png
"101","109","1","108",109,właz okrągły - siec kanalizacyjna (punkt),K159,225.54,223.57,"0",,"109",,,"109",1.97,,225.43,223.57,"16096",./0.png
"102","110","1","109",110,właz okrągły - siec kanalizacyjna (punkt),K160,225.22,223.22,"0",,"110",,,"110",2,,225.16,223.17,"16097",./0.png
"103","111","1","110",111,właz okrągły - siec kanalizacyjna (punkt),K161,224.58,222.59,"0",,"111",,,"111",1.99,,224.52,222.57,"16099",./0.png
"104","112","1","111",112,właz okrągły - siec kanalizacyjna (punkt),K162,224.04,221.98,"0",,"112",,,"112",2.06,,223.96,221.96,"16101",./0.png
"105","113","1","112",113,właz okrągły - siec kanalizacyjna (punkt),K163,223.38,221.67,"0",,"113",,,"113",1.71,,223.39,221.69,"16102",./0.png
"106","114","1","113",114,właz okrągły - siec kanalizacyjna (punkt),K164,222.95,221.45,"0",,"114",,,"114",1.5,,222.88,221.44,"16103",./0.png
"107","115","1","114",115,właz okrągły - siec kanalizacyjna (punkt),K165,222.3,220.53,"0",,"115",,,"115",1.77,,222.19,220.48,"16104",./0.png
"108","116","1","115",116,właz okrągły - siec kanalizacyjna (punkt),K166,222.11,220.29,"0",,"116",,,"116",1.82,,222.04,220.26,"16105",./0.png
"109","117","1","116",117,właz okrągły - siec kanalizacyjna (punkt),K188,224.78,223.05,"0",,"117",,,"117",1.73,,224.71,223,"21543",./0.png
"110","118","1","117",118,właz okrągły - siec kanalizacyjna (punkt),K187,224.13,222.62,"0",,"118",,,"118",1.51,,224.19,222.61,"16116",./0.png
"111","119","1","118",119,właz okrągły - siec kanalizacyjna (punkt),K186,223.42,222.17,"0",,"119",,,"119",1.25,,223.38,222.11,"16115",./0.png
"112","120","1","119",120,właz okrągły - siec kanalizacyjna (punkt),K185,222.71,220.9,"0",,"120",,,"120",1.81,,222.68,220.89,"16114",./0.png
"113","121","1","120",121,właz okrągły - siec kanalizacyjna (punkt),K183,222.45,220.62,"0",,"121",,,"121",1.83,,222.39,220.63,"16112",./0.png
"114","122","1","121",122,właz okrągły - siec kanalizacyjna (punkt),K184,222.59,220.78,"0",,"122",,Ujemna głębokość,"122",1.81,,222.62,220.77,"16113",./0.png
"115","123","1","122",123,właz okrągły - siec kanalizacyjna (punkt),K182,221.54,219.96,"0",,"123",,,"123",1.58,,221.5,219.94,"16111",./0.png
"116","124","1","123",124,właz okrągły - siec kanalizacyjna (punkt),K171,221.14,218.96,"0",,"124",,,"124",2.18,,221.12,218.96,"16120",./0.png
"117","125","1","124",125,właz okrągły - siec kanalizacyjna (punkt),K175,221.59,219.49,"0",,"125",,,"125",2.1,,221.57,219.46,"16124",./0.png
"118","126","1","125",126,właz okrągły - siec kanalizacyjna (punkt),K174,221.12,219.26,"0",,"126",+BRAK MOZLIWOSCI OTWARCIA,,"126",1.86,,221.11,219.11,"16123",./0.png
"119","127","1","126",127,właz okrągły - siec kanalizacyjna (punkt),K173,220.97,219.11,"0",,"127",,,"127",1.86,,220.95,219.08,"16122",./0.png
"120","128","1","127",128,właz okrągły - siec kanalizacyjna (punkt),K172,221.01,219.04,"2",,"128",,,"128",1.97,,220.98,219,"16121",./0.png
"121","129","1","128",129,właz okrągły - siec kanalizacyjna (punkt),K180,224.35,222.27,"0",,"129",,,"129",2.08,,224.3,222.31,"16129",./0.png
"122","130","1","129",130,właz okrągły - siec kanalizacyjna (punkt),K179,223.9,221.91,"0",,"130",,,"130",1.99,,223.88,221.9,"16128",./0.png
"123","131","1","130",131,właz okrągły - siec kanalizacyjna (punkt),K178,223.56,221.46,"0",,"131",(rzędna dna zwartwy kanałów),,"131",2.1,,223.54,221.47,"16127",./0.png
"124","132","1","131",132,właz okrągły - siec kanalizacyjna (punkt),K176,222.36,220.16,"0",,"132",,,"132",2.2,,222.33,220.15,"16125",./0.png
"125","133","1","132",133,właz okrągły - siec kanalizacyjna (punkt),K177,223,220.83,"0",,"133",,,"133",2.17,,222.96,220.83,"16126",./0.png
"126","134","1","133",134,właz okrągły - siec kanalizacyjna (punkt),K40,227.97,224.81,"0",,"134",,,"134",3.16,,,,,./0.png
"127","135","1","134",135,właz okrągły - siec kanalizacyjna (punkt),K37,227.79,224.77,"0",,"135",,,"135",3.02,PRZESUNIETO,,,,./0.png
"128","136","1","135",136,właz okrągły - siec kanalizacyjna (punkt),K38,227.76,224.77,"0",,"136",,,"136",2.99,PRZESUNIETO,,,,./0.png
"129","137","1","136",137,właz okrągły - siec kanalizacyjna (punkt),K39,227.75,224.79,"0",,"137",,,"137",2.96,PRZESUNIETO,,,,./0.png
"130","138","1","137",138,właz okrągły - siec kanalizacyjna (punkt),K35,227.47,224.6,"0",,"138",,,"138",2.87,,227.47,224.54,"29961",./0.png
"131","139","1","138",139,właz okrągły - siec kanalizacyjna (punkt),K41,228.14,225.05,"0",,"139",,,"139",3.09,PRZESUNIETO,,,,./0.png
"133","141","1","140",141,właz okrągły - siec kanalizacyjna (punkt),K43,227.67,226.66,"0",,"141",,,"141",1.01,PRZESUNIETO,,,,./0.png
"134","142","1","141",142,właz okrągły - siec kanalizacyjna (punkt),K36,227.23,224.09,"0",,"142",,,"142",3.14,,227.21,223.96,"29960",./0.png
"135","143","1","142",143,właz okrągły - siec kanalizacyjna (punkt),K010,232.23,230.18,"0",,"143",,,"143",2.05,,0,0,"129187",./0.png
"136","144","1","143",144,właz okrągły - siec kanalizacyjna (punkt),K8,232.91,229.06,"0",,"144",,,"144",3.85,,232.88,229.05,"13141",./0.png
"137","145","1","144",145,właz okrągły - siec kanalizacyjna (punkt),K9,233.08,230.22,"0",,"145",,,"145",2.86,,0,0,"128928",./0.png
"138","146","1","145",146,właz okrągły - siec kanalizacyjna (punkt),K10,232.71,228.8,"0",,"146",,,"146",3.91,,232.72,228.82,"13140",./0.png
"139","147","1","146",147,właz okrągły - siec kanalizacyjna (punkt),K11,232.76,230.36,"0",,"147",,,"147",2.4,,0,0,"128927",./0.png
"140","148","1","147",148,właz okrągły - siec kanalizacyjna (punkt),K12,232.54,228.69,"0",,"148",,,"148",3.85,,232.54,228.67,"13139",./0.png
"141","149","1","148",149,właz okrągły - siec kanalizacyjna (punkt),K13A,232.26,228.53,"0",,"149",,,"149",3.73,,232.32,228.5,"13138",./0.png
"142","150","1","149",150,właz okrągły - siec kanalizacyjna (punkt),K14A,232.98,230.51,"0",,"150",,,"150",2.47,,0,0,"128926",./0.png
"143","151","1","150",151,właz okrągły - siec kanalizacyjna (punkt),K15,232.2,228.3,"0",,"151",,,"151",3.9,,232.19,228.29,"13137",./0.png
"144","152","1","151",152,właz okrągły - siec kanalizacyjna (punkt),K16,232.05,228.2,"0",,"152",,,"152",3.85,,232.03,228.19,"13136",./0.png
"145","154","1","153",154,właz okrągły - siec kanalizacyjna (punkt),K22A,233.06,229.64,"0",,"154",,,"154",3.42,,233.06,229.64,"13167",./0.png
"146","155","1","154",155,właz okrągły - siec kanalizacyjna (punkt),K23,233.33,230.17,"0",,"155",,,"155",3.16,,233.5,230.35,"13166",./0.png
"147","156","1","155",156,właz okrągły - siec kanalizacyjna (punkt),K21A,232.68,229,"0",,"156",,,"156",3.68,,232.66,228.97,"59625",./0.png
"148","157","1","156",157,właz okrągły - siec kanalizacyjna (punkt),K20,232.2,228.6,"0",,"157",,,"157",3.6,,232.18,228.86,"13152",./0.png
"149","158","1","157",158,właz okrągły - siec kanalizacyjna (punkt),K19,231.84,228.05,"0",,"158",,,"158",3.79,,231.81,228,"13153",./0.png
"150","159","1","158",159,właz okrągły - siec kanalizacyjna (punkt),K18,231.71,227.89,"0",,"159",,,"159",3.82,,231.67,227.8,"13154",./0.png
"151","160","1","159",160,właz okrągły - siec kanalizacyjna (punkt),K24,231.6,227.81,"0",,"160",,,"160",3.79,,231.57,227.76,"13155",./0.png
"152","161","1","160",161,właz okrągły - siec kanalizacyjna (punkt),K25,231.33,227.63,"0",,"161",,,"161",3.7,,231.3,227.56,"13156",./0.png
"153","162","1","161",162,właz okrągły - siec kanalizacyjna (punkt),K26,231.29,227.37,"0",,"162",,,"162",3.92,,231.27,227.33,"13157",./0.png
"154","163","1","162",163,właz okrągły - siec kanalizacyjna (punkt),K27,231.07,227.13,"0",,"163",,,"163",3.94,,231.06,227.09,"13150",./0.png
"155","164","1","163",164,właz okrągły - siec kanalizacyjna (punkt),K28,230.81,226.94,"0",,"164",,,"164",3.87,,230.79,226.91,"13151",./0.png
"156","165","1","164",165,właz okrągły - siec kanalizacyjna (punkt),K29,230.55,226.64,"0",,"165",,,"165",3.91,,230.54,226.63,"13149",./0.png
"157","166","1","165",166,właz okrągły - siec kanalizacyjna (punkt),K30,229.84,226.43,"0",,"166",,,"166",3.41,,229.84,225.93,"13146",./0.png
"158","167","1","166",167,właz okrągły - siec kanalizacyjna (punkt),K31,229.46,226.2,"0",,"167",,,"167",3.26,,229.46,226.16,"13147",./0.png
"159","168","1","167",168,właz okrągły - siec kanalizacyjna (punkt),K32,229.25,225.75,"0",,"168",,,"168",3.5,,229.24,225.74,"13148",./0.png
"160","169","1","168",169,właz okrągły - siec kanalizacyjna (punkt),K33,228.72,225.49,"0",,"169",,,"169",3.23,,228.73,225.43,"13145",./0.png
"161","170","1","169",170,właz okrągły - siec kanalizacyjna (punkt),K34,228,225.03,"0",,"170",,,"170",2.97,,227.99,225.01,"29959",./0.png
"162","171","1","170",171,właz okrągły - siec kanalizacyjna (punkt),K6,232.66,229.29,"0",,"171",,,"171",3.37,,232.64,229.23,"13142",./0.png
"163","172","1","171",172,właz okrągły - siec kanalizacyjna (punkt),K4,232.32,229.48,"0",,"172",,,"172",2.84,,232.3,229.42,"13143",./0.png
"164","173","1","172",173,właz okrągły - siec kanalizacyjna (punkt),K3,232.01,229.71,"0",,"173",,,"173",2.3,,0,0,"129130",./0.png
"165","174","1","173",174,właz okrągły - siec kanalizacyjna (punkt),K2,231.66,229.88,"0",,"174",,,"174",1.78,,0,0,"129129",./0.png
"166","175","1","174",175,właz okrągły - siec kanalizacyjna (punkt),K1,231.32,230.06,"0",,"175",,,"175",1.26,,0,0,"129128",./0.png
"167","176","1","175",176,właz okrągły - siec kanalizacyjna (punkt),K7A,233.05,229.21,"0",,"176",,,"176",3.84,,232.02,228.15,"13144",./0.png
"168","177","1","176",177,właz okrągły - siec kanalizacyjna (punkt),KD6,217.63,215.03,"0",,"177",,,"177",2.6,,0,0,"126595",./0.png
"169","178","1","177",178,właz okrągły - siec kanalizacyjna (punkt),KD41,218.57,216.21,"0",,"178",,,"178",2.36,,0,0,"126596",./0.png
"170","179","1","178",179,właz okrągły - siec kanalizacyjna (punkt),KD0200,222.29,220.34,"0",,"179",,,"179",1.95,,0,0,"126599",./0.png
"171","180","1","179",180,właz okrągły - siec kanalizacyjna (punkt),KD200,220.07,217.94,"0",,"180",,,"180",2.13,,0,0,"126597",./0.png
"172","181","1","180",181,właz okrągły - siec kanalizacyjna (punkt),K13,232,229.48,"0",,"181",,,"181",2.52,,0,0,"96135",./0.png
"173","182","1","181",182,właz okrągły - siec kanalizacyjna (punkt),K12A,231.9,229.4,"0",,"182",,,"182",2.5,,0,0,"96133",./0.png
"174","183","1","182",183,właz okrągły - siec kanalizacyjna (punkt),K11A,231.62,229.04,"0",,"183",,,"183",2.58,,0,0,"96134",./0.png
"175","185","1","184",185,właz okrągły - siec kanalizacyjna (punkt),K89,227.48,226.49,"0",,"185",+nie odnaleziono,,"185",0.99,,227.47,225.76,"39153",./0.png
"176","186","1","185",186,właz okrągły - siec kanalizacyjna (punkt),K10A,231.29,228.51,"0",,"186",,,"186",2.78,,,,,./0.png
"177","188","1","187",188,właz okrągły - siec kanalizacyjna (punkt),K88A,229.39,227.44,"0",,"188",,,"188",1.95,,229.34,227.35,"15991",./0.png
"178","189","1","188",189,właz okrągły - siec kanalizacyjna (punkt),K9A,230.98,228.45,"0",,"189",,,"189",2.53,,0,0,"96131",./0.png
"179","190","1","189",190,właz okrągły - siec kanalizacyjna (punkt),K88,229.69,227.73,"0",,"190",,,"190",1.96,,229.75,227.75,"15992",./0.png
"180","191","1","190",191,właz okrągły - siec kanalizacyjna (punkt),K87,229.74,227.79,"0",,"191",,,"191",1.95,,229.78,227.77,"15993",./0.png
"181","192","1","191",192,właz okrągły - siec kanalizacyjna (punkt),K86,229.85,227.95,"0",,"192",,,"192",1.9,,229.86,227.95,"15994",./0.png
"182","193","1","192",193,właz okrągły - siec kanalizacyjna (punkt),K85,229.99,228.09,"0",,"193",,,"193",1.9,,230.04,228.09,"15997",./0.png
"183","194","1","193",194,właz okrągły - siec kanalizacyjna (punkt),K84,230.17,228.41,"0",,"194",,,"194",1.76,,230.33,228.45,"21593",./0.png
"184","195","1","194",195,właz okrągły - siec kanalizacyjna (punkt),K83,230.27,228.51,"0",,"195",+brak mozliwości otwarcia,,"195",1.76,,230.38,228.56,"15998",./0.png
"185","196","1","195",196,właz okrągły - siec kanalizacyjna (punkt),K8A,230.73,228.23,"0",,"196",,,"196",2.5,,,,,./0.png
"186","197","1","196",197,właz okrągły - siec kanalizacyjna (punkt),K95,227.4,224.38,"0",,"197",+nie odnaleziono,,"197",3.02,,227.12,224.39,"15985",./0.png
"187","198","1","197",198,właz okrągły - siec kanalizacyjna (punkt),K7,230.75,227.98,"0",,"198",,,"198",2.77,,0,0,"96129",./0.png
"188","199","1","198",199,właz okrągły - siec kanalizacyjna (punkt),K96,227.74,223.9,"0",,"199",+nie odnaleziono,,"199",3.84,,227.52,223.9,"15984",./0.png
"189","200","1","199",200,właz okrągły - siec kanalizacyjna (punkt),K97,227.74,224.36,"0",,"200",+nie odnaleziono,,"200",3.38,,227.73,224.36,"15995",./0.png
"190","201","1","200",201,właz okrągły - siec kanalizacyjna (punkt),K98,228.35,225.29,"0",,"201",,,"201",3.06,,228.32,226.17,"15986",./0.png
"191","202","1","201",202,właz okrągły - siec kanalizacyjna (punkt),K99,229.49,227.49,"0",,"202",,,"202",2,,229.43,227.5,"15988",./0.png
"192","203","1","202",203,właz okrągły - siec kanalizacyjna (punkt),K100,229.7,227.9,"0",,"203",,,"203",1.8,,229.7,227.9,"15989",./0.png
"193","204","1","203",204,właz okrągły - siec kanalizacyjna (punkt),K102,229.96,228.11,"0",,"204",,,"204",1.85,,229.92,228.14,"15996",./0.png
"194","205","1","204",205,właz okrągły - siec kanalizacyjna (punkt),K103,229.97,227.33,"0",,"205",,,"205",2.64,,0,0,"96124",./0.png
"195","206","1","205",206,właz okrągły - siec kanalizacyjna (punkt),K105,229.62,226.87,"0",,"206",,,"206",2.75,,0,0,"96125",./0.png
"196","207","1","206",207,właz okrągły - siec kanalizacyjna (punkt),K118,226.18,222.65,"0",,"207",+brak mozliwości otwarcia,,"207",3.53,,226.06,222.66,"15881",./0.png
"197","208","1","207",208,właz okrągły - siec kanalizacyjna (punkt),K22,229.3,226.55,"0",,"208",+BRAK MOZLIWOSCI OTWARCIA,,"208",2.75,,0,0,"96126",./0.png
"198","209","1","208",209,właz okrągły - siec kanalizacyjna (punkt),K111,228.91,227.34,"0",,"209",,,"209",1.57,,,,,./0.png
"199","210","1","209",210,właz okrągły - siec kanalizacyjna (punkt),K112,228.7,225.88,"0",,"210",,,"210",2.82,,0,0,"96128",./0.png
"200","211","1","210",211,właz okrągły - siec kanalizacyjna (punkt),K21,228.83,225.95,"0",,"211",,,"211",2.88,,0,0,"96127",./0.png
"201","212","1","211",212,właz okrągły - siec kanalizacyjna (punkt),K113,227.94,225.65,"0",,"212",,,"212",2.29,,0,0,"126605",./0.png
"202","213","1","212",213,właz okrągły - siec kanalizacyjna (punkt),K114,227.17,225.49,"0",,"213",,,"213",1.68,,0,0,"126604",./0.png
"203","214","1","213",214,właz okrągły - siec kanalizacyjna (punkt),K115,226.53,224.95,"0",,"214",,,"214",1.58,,0,0,"126603",./0.png
"204","215","1","214",215,właz okrągły - siec kanalizacyjna (punkt),K116,225.67,224.01,"0",dane archiwalne,"215",+zasfaltowana + dane archiwalne,,"215",1.66,,0,0,"126602",./0.png
"205","216","1","215",216,właz okrągły - siec kanalizacyjna (punkt),K117,224.45,222.81,"0",,"216",,,"216",1.64,,0,0,"126601",./0.png
"206","217","1","216",217,właz okrągły - siec kanalizacyjna (punkt),K4A,223.62,222.02,"0",,"217",,,"217",1.6,,0,0,"126600",./0.png
"207","218","1","217",218,właz okrągły - siec kanalizacyjna (punkt),K14,232.38,229.9,"0",,"218",,,"218",2.48,,,,,./0.png
"208","219","1","218",219,właz okrągły - siec kanalizacyjna (punkt),K15A,232.76,230.34,"0",,"219",,,"219",2.42,,0,0,"96141",./0.png
"209","221","1","220",221,właz okrągły - siec kanalizacyjna (punkt),K19A,234.35,231.49,"0",,"221",,,"221",2.86,,,,,./0.png
"210","222","1","221",222,właz okrągły - siec kanalizacyjna (punkt),K18A,233.69,231.04,"0",,"222",,,"222",2.65,,,,,./0.png
"211","223","1","222",223,właz okrągły - siec kanalizacyjna (punkt),K17,233.26,230.53,"0",,"223",,,"223",2.73,,,,,./0.png
"212","224","1","223",224,właz okrągły - siec kanalizacyjna (punkt),K16A,233.05,230.43,"0",,"224",,,"224",2.62,,0,0,"96140",./0.png
"213","234","1","233",0,,K300,215.32,213.19,"0",,"0",,,"234",2.13,,,,,./0.png
"214","235","1","234",0,,K301,211.58,208.66,"0",,"0",,,"235",2.92,,210.58,208.64,"16039",./0.png
"215","236","1","235",0,,K302,209.21,207.57,"0",,"0",,,"236",1.64,,,,,./0.png
"216","237","1","236",0,,K303,209.14,207.3,"0",,"0",,,"237",1.84,,209.03,207.29,"16038",./0.png
"217","238","0","237",0,,K310,234.12,230.79,"0",,"0",,,"238",3.33,PRZESUNIETO,233.97,230.85,"24960",./0.png
"218","239","0","238",0,,K311,234.38,230.98,"0",,"0",+brak rzednej dna,,"239",3.4,PRZESUNIETO,234.45,231.03,"24962",./0.png
"219","240","0","239",0,,K312,233.88,231.22,"0",,"0",+brak rzednych,,"240",2.66,PRZESUNIETO,233.88,231.23,"24963",./0.png
"220","241","0","240",0,,K313,233.74,231.33,"0",,"0",,,"241",2.41,PRZESUNIETO,233.74,231.37,"24964",./0.png
"221","242","0","241",0,,K314,233.62,231.45,"0",,"0",,,"242",2.17,PRZESUNIETO,0,0,"65294",./0.png
"222","243","0","242",0,,K315,233.84,231.71,"0",,"0",+brak rzednych,,"243",2.13,PRZESUNIETO,233.66,231.45,"24965",./0.png
"223","244","0","243",0,,K316,233.93,231.59,"0",,"0",+brak rzednych,,"244",2.34,PRZESUNIETO,233.92,231.58,"11390",./0.png
"224","245","0","244",0,,K318,234.98,232.29,"0",,"0",+brak rzednych,,"245",2.69,PRZESUNIETO,234.66,232.19,"24966",./0.png
"225","246","0","245",0,,K319,235.06,232.56,"0",,"0",+brak rzednych,,"246",2.5,PRZESUNIETO,0,0,"65297",./0.png
"226","247","0","246",0,,K320,235.22,232.93,"0",,"0",,,"247",2.29,PRZESUNIETO,235.15,233,"24967",./0.png
"227","248","0","247",0,,K51,233.64,230.58,"0",,"0",+brak rzednych,,"248",3.06,PRZESUNIETO,233.31,230.24,"24961",./0.png
